participant_id,question_order,question_id,world_id,civilization,template,horizon,resolution_turn,ground_truth,bin_min,bin_max,bin_unit,prob_bin_1_pct,prob_bin_2_pct,prob_bin_3_pct,prob_bin_4_pct,prob_bin_5_pct,prob_sum_pct,response_time_ms
human_62b8d931,1,seed1976_treasury_H1,seed1976,Afghani,treasury,H1,90,901.0,0.0,2000.0,gold,4.67416602017066,54.9069045771916,29.7905352986811,8.06826997672613,2.54072924747865,99.98060512024814,85303
human_62b8d931,2,seed1976_treasury_H3,seed1976,Afghani,treasury,H3,150,461.0,0.0,2000.0,gold,4.86811481768812,19.6082234290147,35.3180760279286,24.844840961986,15.0504266873545,99.68968192397192,43370
human_62b8d931,3,seed1976_treasury_H4,seed1976,Afghani,treasury,H4,180,132.0,0.0,2000.0,gold,4.86811481768812,14.6625290923196,29.6935608999224,29.8875096974399,20.6749418153607,99.78665632273072,32602
human_62b8d931,4,seed1976_treasury_H6,seed1976,Afghani,treasury,H6,240,414.0,0.0,2000.0,gold,4.77114041892939,9.81380915438322,24.7478665632273,30.566330488751,29.8875096974399,99.7866563227308,26384
human_62b8d931,5,seed1976_cities_H1,seed1976,Afghani,cities,H1,90,32.0,0.0,40.0,cities,0.0193948797517329,24.844840961986,59.8525989138867,13.0139643134212,1.86190845616755,99.59270752521319,87838
human_62b8d931,6,seed1976_cities_H3,seed1976,Afghani,cities,H3,150,34.0,0.0,40.0,cities,0.0193948797517329,4.96508921644684,34.7362296353762,39.7788983708301,20.0930954228084,99.59270752521327,21019
human_62b8d931,7,seed1976_cities_H4,seed1976,Afghani,cities,H4,180,15.0,0.0,40.0,cities,0.310318076027916,2.63770364623738,25.0387897595035,42.1062839410396,30.0814584949573,100.17455391776569,26171
human_62b8d931,8,seed1976_cities_H6,seed1976,Afghani,cities,H6,240,19.0,0.0,40.0,cities,0.0193948797517329,2.44375484871993,18.2505818463925,34.6392552366175,44.7245927075252,100.07757951900686,21550
human_62b8d931,9,seed1976_techs_H1,seed1976,Afghani,techs,H1,90,24.0,0.0,60.0,techs,20.2870442203258,70.1318851823119,9.81380915438322,0.0193948797517329,0.116369278510453,100.36850271528311,93856
human_62b8d931,10,seed1976_techs_H3,seed1976,Afghani,techs,H3,150,44.0,0.0,60.0,techs,4.67416602017066,59.755624515128,30.178432893716,5.35298681148175,0.213343677269184,100.17455391776559,21965
human_62b8d931,11,seed1976_techs_H4,seed1976,Afghani,techs,H4,180,46.0,0.0,60.0,techs,2.15283165244374,50.4460822342901,34.9301784328937,10.1047323506594,2.83165244375483,100.46547711404178,250876
human_62b8d931,12,seed1976_techs_H6,seed1976,Afghani,techs,H6,240,60.0,0.0,60.0,techs,0.0193948797517329,35.1241272304112,40.0698215671063,19.9961210240496,5.25601241272302,100.46547711404185,28197
human_62b8d931,13,seed1327_treasury_H1,seed1327,Italian Greek,treasury,H1,90,364.0,0.0,2000.0,gold,4.67416602017066,49.8642358417378,29.5965865011637,9.91078355314196,5.74088440651667,99.78665632273079,34808
human_62b8d931,14,seed1327_treasury_H3,seed1327,Italian Greek,treasury,H3,150,485.0,0.0,2000.0,gold,5.06206361520557,19.511249030256,34.9301784328937,24.6508921644686,16.0201706749418,100.17455391776566,43858
human_62b8d931,15,seed1327_treasury_H4,seed1327,Italian Greek,treasury,H4,180,304.0,0.0,2000.0,gold,4.77114041892939,15.1474010861133,29.6935608999224,29.7905352986811,21.0628394103956,100.46547711404179,23141
human_62b8d931,16,seed1327_treasury_H6,seed1327,Italian Greek,treasury,H6,240,161.0,0.0,2000.0,gold,4.77114041892939,9.81380915438322,24.7478665632273,29.8875096974399,30.3723816912335,99.59270752521331,32821
human_62b8d931,17,seed1327_cities_H1,seed1327,Italian Greek,cities,H1,90,10.0,0.0,40.0,cities,0.310318076027916,30.0814584949573,54.7129557796742,13.2079131109387,1.95888285492628,100.2715283165244,35058
human_62b8d931,18,seed1327_cities_H3,seed1327,Italian Greek,cities,H3,150,18.0,0.0,40.0,cities,0.213343677269184,4.67416602017066,40.0698215671063,34.7362296353762,20.0930954228084,99.78665632273075,18567
human_62b8d931,19,seed1327_cities_H4,seed1327,Italian Greek,cities,H4,180,19.0,0.0,40.0,cities,0.310318076027916,2.63770364623738,29.7905352986811,40.0698215671063,27.6570985259891,100.4654771140418,23688
human_62b8d931,20,seed1327_cities_H6,seed1327,Italian Greek,cities,H6,240,22.0,0.0,40.0,cities,0.116369278510453,2.24980605120246,19.7051978277735,37.7424359968968,39.8758727695888,99.68968192397202,20334
human_62b8d931,21,seed1327_techs_H1,seed1327,Italian Greek,techs,H1,90,19.0,0.0,60.0,techs,24.7478665632273,65.4771140418929,9.52288595810704,0.213343677269184,0.116369278510453,100.07757951900687,135666
human_62b8d931,22,seed1327_techs_H3,seed1327,Italian Greek,techs,H3,150,35.0,0.0,60.0,techs,4.77114041892939,60.1435221101629,29.7905352986811,5.1590380139643,0.0193948797517329,99.88363072148942,18530
human_62b8d931,23,seed1327_techs_H4,seed1327,Italian Greek,techs,H4,180,48.0,0.0,60.0,techs,1.95888285492628,49.767261442979,34.833204034135,10.1047323506594,3.21955003878974,99.88363072148942,20986
human_62b8d931,24,seed1327_techs_H6,seed1327,Italian Greek,techs,H6,240,55.0,0.0,60.0,techs,0.0193948797517329,34.7362296353762,39.8758727695888,19.6082234290147,5.35298681148175,99.59270752521319,20785
human_a8c76b64,1,seed1327_treasury_H1,seed1327,Italian Greek,treasury,H1,90,364.0,0.0,2000.0,gold,7.1659144551561,14.1346929947154,17.8679672123365,25.58340059542,34.792143665552,99.54411892318,38656
human_a8c76b64,2,seed1327_treasury_H3,seed1327,Italian Greek,treasury,H3,150,485.0,0.0,2000.0,gold,13.3880381511912,14.6324628903982,13.6369230990326,14.6324628903982,43.2542318921598,99.54411892318001,24469
human_a8c76b64,3,seed1327_treasury_H4,seed1327,Italian Greek,treasury,H4,180,304.0,0.0,2000.0,gold,13.1391532033498,15.3791177339225,17.1213123688123,20.6057016385919,33.2988339785036,99.54411892318011,48808
human_a8c76b64,4,seed1327_treasury_H6,seed1327,Italian Greek,treasury,H6,240,161.0,0.0,2000.0,gold,11.6458435163014,17.8679672123365,20.3568166907505,25.58340059542,24.338975856213,99.7930038710214,12818
human_a8c76b64,5,seed1327_cities_H1,seed1327,Italian Greek,cities,H1,90,10.0,0.0,40.0,cities,13.6741973840666,18.6682520808561,20.332936979786,22.2354340071344,25.089179548157,100.0000000000001,23963
human_a8c76b64,6,seed1327_cities_H3,seed1327,Italian Greek,cities,H3,150,18.0,0.0,40.0,cities,7.9667063020214,9.8692033293698,19.3816884661118,21.7598097502973,40.7847800237812,99.7621878715815,14865
human_a8c76b64,7,seed1327_cities_H4,seed1327,Italian Greek,cities,H4,180,19.0,0.0,40.0,cities,14.3876337693222,15.3388822829964,17.4791914387634,17.9548156956005,34.8394768133175,100.0,30904
human_a8c76b64,8,seed1327_cities_H6,seed1327,Italian Greek,cities,H6,240,22.0,0.0,40.0,cities,13.9120095124851,17.4791914387634,22.94887039239,17.7170035671819,27.705112960761,99.7621878715814,38687
human_a8c76b64,9,seed1327_techs_H1,seed1327,Italian Greek,techs,H1,90,19.0,0.0,60.0,techs,12.7229488703924,12.9607609988109,17.0035671819263,26.0404280618312,31.5101070154578,100.2378121284186,50213
human_a8c76b64,10,seed1327_techs_H3,seed1327,Italian Greek,techs,H3,150,35.0,0.0,60.0,techs,5.58858501783591,12.7229488703924,19.3816884661118,29.1319857312723,32.9369797859691,99.76218787158152,256120
human_a8c76b64,11,seed1327_techs_H4,seed1327,Italian Greek,techs,H4,180,48.0,0.0,60.0,techs,10.820451843044,17.0035671819263,21.5219976218787,24.1379310344828,26.9916765755054,100.47562425683721,14041
human_a8c76b64,12,seed1327_techs_H6,seed1327,Italian Greek,techs,H6,240,55.0,0.0,60.0,techs,13.6741973840666,17.9548156956005,18.4304399524376,24.1379310344828,26.0404280618312,100.2378121284187,44606
human_a8c76b64,13,seed1976_treasury_H1,seed1976,Afghani,treasury,H1,90,901.0,0.0,2000.0,gold,8.16145424652172,10.6503037249358,14.3835779425568,23.3434360648474,43.0053469443184,99.54411892318012,9669
human_a8c76b64,14,seed1976_treasury_H3,seed1976,Afghani,treasury,H3,150,461.0,0.0,2000.0,gold,7.41479940299751,11.8947284641428,18.8635070037021,26.0811704911028,36.036568404759,100.2907737667042,12941
human_a8c76b64,15,seed1976_treasury_H4,seed1976,Afghani,treasury,H4,180,132.0,0.0,2000.0,gold,7.41479940299751,11.39695856846,11.6458435163014,31.5566393436137,38.0276479874903,100.0418888188629,16085
human_a8c76b64,16,seed1976_treasury_H6,seed1976,Afghani,treasury,H6,240,414.0,0.0,2000.0,gold,8.65922414220453,13.1391532033498,21.850126377799,28.5700199695169,28.0722500738341,100.29077376670433,9627
human_a8c76b64,17,seed1976_cities_H1,seed1976,Afghani,cities,H1,90,32.0,0.0,40.0,cities,10.820451843044,16.2901307966706,19.1438763376932,24.8513674197384,28.8941736028537,99.9999999999999,37143
human_a8c76b64,18,seed1976_cities_H3,seed1976,Afghani,cities,H3,150,34.0,0.0,40.0,cities,9.3935790725327,15.576694411415,16.7657550535077,26.0404280618312,32.461355529132,100.2378121284186,13702
human_a8c76b64,19,seed1976_cities_H4,seed1976,Afghani,cities,H4,180,15.0,0.0,40.0,cities,10.5826397146254,22.2354340071344,22.94887039239,24.3757431629013,19.3816884661118,99.5243757431629,34072
human_a8c76b64,20,seed1976_cities_H6,seed1976,Afghani,cities,H6,240,19.0,0.0,40.0,cities,9.63139120095125,15.576694411415,18.4304399524376,28.8941736028537,27.4673008323424,99.99999999999994,10363
human_a8c76b64,21,seed1976_techs_H1,seed1976,Afghani,techs,H1,90,24.0,0.0,60.0,techs,15.3388822829964,21.7598097502973,21.9976218787158,20.8085612366231,19.8573127229489,99.7621878715815,8703
human_a8c76b64,22,seed1976_techs_H3,seed1976,Afghani,techs,H3,150,44.0,0.0,60.0,techs,9.8692033293698,15.576694411415,20.332936979786,21.5219976218787,32.6991676575505,100.0,14669
human_a8c76b64,23,seed1976_techs_H4,seed1976,Afghani,techs,H4,180,46.0,0.0,60.0,techs,8.68014268727705,13.6741973840666,16.2901307966706,21.7598097502973,39.3579072532699,99.76218787158145,15699
human_a8c76b64,24,seed1976_techs_H6,seed1976,Afghani,techs,H6,240,60.0,0.0,60.0,techs,4.39952437574316,11.7717003567182,20.332936979786,21.0463733650416,41.973840665874,99.52437574316296,11400
human_4b5ba0fb,1,seed1327_treasury_H1,seed1327,Italian Greek,treasury,H1,90,364.0,0.0,2000.0,gold,18.9612715468995,32.3931049921648,36.4226550257444,6.4248936646519,5.75330199238864,99.95522722184924,36006
human_4b5ba0fb,2,seed1327_treasury_H3,seed1327,Italian Greek,treasury,H3,150,485.0,0.0,2000.0,gold,26.3487799417954,43.138571748377,21.6476382359525,4.63398253861653,3.73852697559884,99.50749944034027,46830
human_4b5ba0fb,3,seed1327_treasury_H4,seed1327,Italian Greek,treasury,H4,180,304.0,0.0,2000.0,gold,9.5589881352138,18.0658159838818,34.1840161182001,20.304454891426,17.3942243116185,99.5074994403402,51732
human_4b5ba0fb,4,seed1327_treasury_H6,seed1327,Italian Greek,treasury,H6,240,161.0,0.0,2000.0,gold,12.0214909335124,16.7226326393553,21.1999104544437,31.0499216476382,19.1851354376539,100.1790911126035,41448
human_4b5ba0fb,5,seed1327_cities_H1,seed1327,Italian Greek,cities,H1,90,10.0,0.0,40.0,cities,6.20102977389748,22.0953660174614,40.0044772778151,22.0953660174614,9.11126035370495,99.50749944034033,95772
human_4b5ba0fb,6,seed1327_cities_H3,seed1327,Italian Greek,cities,H3,150,18.0,0.0,40.0,cities,4.18625475710769,14.9317215133199,31.9453772106559,34.1840161182001,14.7078576225655,99.95522722184909,27889
human_4b5ba0fb,7,seed1327_cities_H4,seed1327,Italian Greek,cities,H4,180,19.0,0.0,40.0,cities,5.08171032012538,14.9317215133199,21.4237743451981,41.3476606223416,17.618088202373,100.40295500335797,28786
human_4b5ba0fb,8,seed1327_cities_H6,seed1327,Italian Greek,cities,H6,240,22.0,0.0,40.0,cities,7.99194089993285,14.7078576225655,38.6612939332886,23.6624132527423,15.3794492948288,100.40295500335804,123089
human_4b5ba0fb,9,seed1327_techs_H1,seed1327,Italian Greek,techs,H1,90,19.0,0.0,60.0,techs,12.6930826057757,43.5862995298858,16.7226326393553,12.2453548242669,15.1555854040743,100.402955003358,63059
human_4b5ba0fb,10,seed1327_techs_H3,seed1327,Italian Greek,techs,H3,150,35.0,0.0,60.0,techs,8.88739646295054,13.1408103872845,6.87262144616074,29.2590105216029,41.7953884038505,99.95522722184919,161575
human_4b5ba0fb,11,seed1327_techs_H4,seed1327,Italian Greek,techs,H4,180,48.0,0.0,60.0,techs,22.3192299082158,18.9612715468995,14.0362659503022,26.7965077233042,18.0658159838818,100.1790911126035,64796
human_4b5ba0fb,12,seed1327_techs_H6,seed1327,Italian Greek,techs,H6,240,55.0,0.0,60.0,techs,10.4544436982315,33.7362883366913,16.2749048578464,10.2305798074771,29.4828744123573,100.1790911126036,27757
human_4b5ba0fb,13,seed1976_treasury_H1,seed1976,Afghani,treasury,H1,90,901.0,0.0,2000.0,gold,6.87262144616074,56.1226774121334,21.1999104544437,10.9021714797403,4.4101186478621,99.50749944034024,54613
human_4b5ba0fb,14,seed1976_treasury_H3,seed1976,Afghani,treasury,H3,150,461.0,0.0,2000.0,gold,8.88739646295054,52.9885829415715,35.9749272442355,1.49988806805463,1.05216028654579,100.40295500335796,13928
human_4b5ba0fb,15,seed1976_treasury_H4,seed1976,Afghani,treasury,H4,180,132.0,0.0,2000.0,gold,1.49988806805463,24.7817327065144,47.1681217819566,19.1851354376539,7.09648533691517,99.7313633310947,18481
human_4b5ba0fb,16,seed1976_treasury_H6,seed1976,Afghani,treasury,H6,240,414.0,0.0,2000.0,gold,8.21580479068728,16.051040967092,27.9158271770763,33.5124244459369,13.8124020595478,99.50749944034028,23909
human_4b5ba0fb,17,seed1976_cities_H1,seed1976,Afghani,cities,H1,90,32.0,0.0,40.0,cities,5.52943810163422,60.8238191179763,17.618088202373,9.5589881352138,6.87262144616074,100.40295500335806,21238
human_4b5ba0fb,18,seed1976_cities_H3,seed1976,Afghani,cities,H3,150,34.0,0.0,40.0,cities,8.66353257219611,30.378329975375,42.4669800761137,11.3498992612492,7.544213118424,100.40295500335802,22453
human_4b5ba0fb,19,seed1976_cities_H4,seed1976,Afghani,cities,H4,180,15.0,0.0,40.0,cities,3.96239086635327,13.8124020595478,50.7499440340273,25.2294604880233,6.20102977389748,99.95522722184916,16980
human_4b5ba0fb,20,seed1976_cities_H6,seed1976,Afghani,cities,H6,240,19.0,0.0,40.0,cities,3.29079919409,1.94761584956348,14.2601298410566,65.0772330423103,15.8271770763376,100.40295500335797,15834
human_4b5ba0fb,21,seed1976_techs_H1,seed1976,Afghani,techs,H1,90,24.0,0.0,60.0,techs,6.20102977389748,71.3454219834341,13.364674278039,5.08171032012538,3.51466308484443,99.50749944034038,18521
human_4b5ba0fb,22,seed1976_techs_H3,seed1976,Afghani,techs,H3,150,44.0,0.0,60.0,techs,2.17147974031789,63.0624580255205,24.7817327065144,8.43966868144169,1.49988806805463,99.95522722184911,21681
human_4b5ba0fb,23,seed1976_techs_H4,seed1976,Afghani,techs,H4,180,46.0,0.0,60.0,techs,0.828296395791372,5.08171032012538,65.972688605328,22.5430937989702,5.75330199238864,100.1790911126036,26900
human_4b5ba0fb,24,seed1976_techs_H6,seed1976,Afghani,techs,H6,240,60.0,0.0,60.0,techs,12.9169464965301,8.66353257219611,14.0362659503022,41.7953884038505,22.3192299082158,99.73136333109471,30978
human_98154a6d,1,seed1976_treasury_H1,seed1976,Afghani,treasury,H1,90,901.0,0.0,2000.0,gold,19.7757926081625,39.7442634436854,20.3012786827816,15.0464179365913,5.23734454370293,100.10509721492373,40671
human_98154a6d,2,seed1976_treasury_H3,seed1976,Afghani,treasury,H3,150,461.0,0.0,2000.0,gold,10.1418812401471,20.3012786827816,39.9194254685584,24.8554913294798,5.23734454370293,100.45542126466984,30185
human_98154a6d,3,seed1976_treasury_H4,seed1976,Afghani,treasury,H4,180,132.0,0.0,2000.0,gold,10.1418812401471,15.2215799614643,25.3809774040988,29.760028025924,19.7757926081625,100.2802592397967,52759
human_98154a6d,4,seed1976_treasury_H6,seed1976,Afghani,treasury,H6,240,414.0,0.0,2000.0,gold,5.23734454370293,10.3170432650201,20.1261166579086,35.0148887721142,29.760028025924,100.45542126466982,37898
human_98154a6d,5,seed1976_cities_H1,seed1976,Afghani,cities,H1,90,32.0,0.0,40.0,cities,4.88702049395691,35.0148887721142,44.9991241898756,10.3170432650201,5.06218251882992,100.28025923979673,34783
human_98154a6d,6,seed1976_cities_H3,seed1976,Afghani,cities,H3,150,34.0,0.0,40.0,cities,5.06218251882992,14.8712559117183,30.285514100543,40.0945874934314,9.96671921527412,100.28025923979673,21740
human_98154a6d,7,seed1976_cities_H4,seed1976,Afghani,cities,H4,180,15.0,0.0,40.0,cities,4.88702049395691,9.96671921527412,15.0464179365913,35.0148887721142,35.3652128218602,100.28025923979672,35825
human_98154a6d,8,seed1976_cities_H6,seed1976,Afghani,cities,H6,240,19.0,0.0,40.0,cities,4.88702049395691,5.06218251882992,15.2215799614643,39.9194254685584,35.1900507969872,100.28025923979673,19851
human_98154a6d,9,seed1976_techs_H1,seed1976,Afghani,techs,H1,90,24.0,0.0,60.0,techs,35.1900507969872,25.2058153792258,19.9509546330356,15.0464179365913,5.06218251882992,100.45542126466982,43096
human_98154a6d,10,seed1976_techs_H3,seed1976,Afghani,techs,H3,150,44.0,0.0,60.0,techs,19.7757926081625,40.0945874934314,24.8554913294798,10.3170432650201,4.88702049395691,99.92993519005071,20624
human_98154a6d,11,seed1976_techs_H4,seed1976,Afghani,techs,H4,180,46.0,0.0,60.0,techs,10.1418812401471,20.1261166579086,30.460676125416,29.935190050797,9.61639516552811,100.2802592397968,21073
human_98154a6d,12,seed1976_techs_H6,seed1976,Afghani,techs,H6,240,60.0,0.0,60.0,techs,4.88702049395691,9.79155719040111,20.3012786827816,39.7442634436854,25.0306533543528,99.75477316517782,23887
human_98154a6d,13,seed1327_treasury_H1,seed1327,Italian Greek,treasury,H1,90,364.0,0.0,2000.0,gold,5.23734454370293,45.5246102644947,34.6645647223682,10.1418812401471,4.88702049395691,100.45542126466984,32638
human_98154a6d,14,seed1327_treasury_H3,seed1327,Italian Greek,treasury,H3,150,485.0,0.0,2000.0,gold,5.41250656857593,25.2058153792258,39.9194254685584,19.9509546330356,9.79155719040111,100.28025923979683,33731
human_98154a6d,15,seed1327_treasury_H4,seed1327,Italian Greek,treasury,H4,180,304.0,0.0,2000.0,gold,1.20861797162375,3.66088631984586,35.3652128218602,40.0945874934314,19.9509546330356,100.2802592397968,25860
human_98154a6d,16,seed1327_treasury_H6,seed1327,Italian Greek,treasury,H6,240,161.0,0.0,2000.0,gold,1.03345594675074,2.78507619548082,25.3809774040988,40.4449115431774,29.935190050797,99.57961114030476,25667
human_98154a6d,17,seed1327_cities_H1,seed1327,Italian Greek,cities,H1,90,10.0,0.0,40.0,cities,1.90926607111578,24.3300052548607,40.0945874934314,25.2058153792258,8.91574706603608,100.45542126466975,33864
human_98154a6d,18,seed1327_cities_H3,seed1327,Italian Greek,cities,H3,150,18.0,0.0,40.0,cities,1.55894202136976,7.68961289192502,44.9991241898756,35.0148887721142,11.0176913645122,100.28025923979678,28925
human_98154a6d,19,seed1327_cities_H4,seed1327,Italian Greek,cities,H4,180,19.0,0.0,40.0,cities,0.858293921877729,5.06218251882992,27.1325976528289,40.0945874934314,27.1325976528289,100.28025923979685,25052
human_98154a6d,20,seed1327_cities_H6,seed1327,Italian Greek,cities,H6,240,22.0,0.0,40.0,cities,1.55894202136976,0.507969872131719,18.0241723594325,40.2697495183044,39.9194254685584,100.28025923979678,39046
human_98154a6d,21,seed1327_techs_H1,seed1327,Italian Greek,techs,H1,90,19.0,0.0,60.0,techs,2.08442809598879,8.91574706603608,56.5598178314941,24.8554913294798,7.51445086705202,99.92993519005078,16606
human_98154a6d,22,seed1327_techs_H3,seed1327,Italian Greek,techs,H3,150,35.0,0.0,60.0,techs,1.20861797162375,8.21509896654405,32.5626204238921,39.3939393939394,18.5496584340515,99.9299351900508,19260
human_98154a6d,23,seed1327_techs_H4,seed1327,Italian Greek,techs,H4,180,48.0,0.0,60.0,techs,1.20861797162375,8.74058504116307,30.11035207567,30.285514100543,29.935190050797,100.28025923979682,22748
human_98154a6d,24,seed1327_techs_H6,seed1327,Italian Greek,techs,H6,240,55.0,0.0,60.0,techs,1.03345594675074,4.18637239446488,19.6006305832895,34.8397267472412,40.2697495183044,99.92993519005073,20665
human_b408cdd6,1,seed1327_treasury_H1,seed1327,Italian Greek,treasury,H1,90,364.0,0.0,2000.0,gold,5.46776674590966,39.7287092714306,29.3805062229059,19.3119843378548,6.30681023633058,100.19577681443154,71914
human_b408cdd6,2,seed1327_treasury_H3,seed1327,Italian Greek,treasury,H3,150,485.0,0.0,2000.0,gold,24.7657670255908,34.9741294923787,19.5916655013285,14.6972451405398,6.02712907285695,100.05593623269475,81838
human_b408cdd6,3,seed1327_treasury_H4,seed1327,Italian Greek,treasury,H4,180,304.0,0.0,2000.0,gold,29.5203468046427,25.4649699342749,21.9689553908544,17.2143756118025,6.30681023633058,100.47545797790508,58182
human_b408cdd6,4,seed1327_treasury_H6,seed1327,Italian Greek,treasury,H6,240,161.0,0.0,2000.0,gold,41.5466368340092,33.995245420221,19.8713466648021,2.25143336596281,2.11159278422599,99.77625506922111,42367
human_b408cdd6,5,seed1327_cities_H1,seed1327,Italian Greek,cities,H1,90,10.0,0.0,40.0,cities,12.7394769962243,24.9056076073277,24.9056076073277,24.625926443854,12.4597958327507,99.6364144874844,37632
human_b408cdd6,6,seed1327_cities_H3,seed1327,Italian Greek,cities,H3,150,18.0,0.0,40.0,cities,7.98489721717243,29.5203468046427,35.1139700741155,25.4649699342749,1.5522304572787,99.63641448748423,41266
human_b408cdd6,7,seed1327_cities_H4,seed1327,Italian Greek,cities,H4,180,19.0,0.0,40.0,cities,29.5203468046427,24.9056076073277,19.5916655013285,17.2143756118025,8.96378128933016,100.19577681443155,80689
human_b408cdd6,8,seed1327_cities_H6,seed1327,Italian Greek,cities,H6,240,22.0,0.0,40.0,cities,32.4569990211159,25.7446510977486,20.2908684100126,14.9769263040134,7.00601314501469,100.4754579779052,23151
human_b408cdd6,9,seed1327_techs_H1,seed1327,Italian Greek,techs,H1,90,19.0,0.0,60.0,techs,2.81079569291008,39.5888686896937,29.5203468046427,18.7526220109076,9.80282477975108,100.47545797790517,57051
human_b408cdd6,10,seed1327_techs_H3,seed1327,Italian Greek,techs,H3,150,35.0,0.0,60.0,techs,0.713186966857782,44.9028107956929,29.8000279681163,16.2354915396448,8.68410012585653,100.33561739616832,30942
human_b408cdd6,11,seed1327_techs_H4,seed1327,Italian Greek,techs,H4,180,48.0,0.0,60.0,techs,0.853027548594609,49.3777094112712,36.5123758914837,10.2223465249615,2.9506362746469,99.91609565095791,38247
human_b408cdd6,12,seed1327_techs_H6,seed1327,Italian Greek,techs,H6,240,55.0,0.0,60.0,techs,0.853027548594609,46.7207383582716,37.6311005453783,11.9004335058034,3.09047685638373,100.19577681443164,33414
human_b408cdd6,13,seed1976_treasury_H1,seed1976,Afghani,treasury,H1,90,901.0,0.0,2000.0,gold,49.7972311564816,34.694448328905,10.7817088519088,4.06936092854147,0.853027548594609,100.19577681443148,136749
human_b408cdd6,14,seed1976_treasury_H3,seed1976,Afghani,treasury,H3,150,461.0,0.0,2000.0,gold,34.8342889106419,49.7972311564816,9.66298419801427,5.0482450006992,0.992868130331426,100.3356173961684,46290
human_b408cdd6,15,seed1976_treasury_H4,seed1976,Afghani,treasury,H4,180,132.0,0.0,2000.0,gold,4.76856383722557,20.4307089917494,50.7761152286393,22.6681582995385,1.5522304572787,100.19577681443147,53393
human_b408cdd6,16,seed1976_treasury_H6,seed1976,Afghani,treasury,H6,240,414.0,0.0,2000.0,gold,2.67095511117327,15.5362886309607,53.4330862816389,26.4438540064327,1.5522304572787,99.63641448748427,55971
human_b408cdd6,17,seed1976_cities_H1,seed1976,Afghani,cities,H1,90,32.0,0.0,40.0,cities,0.853027548594609,20.1510278282758,36.9318976366942,36.9318976366942,4.90840441896239,99.77625506922121,72230
human_b408cdd6,18,seed1976_cities_H3,seed1976,Afghani,cities,H3,150,34.0,0.0,40.0,cities,4.76856383722557,25.1852887708013,30.3593902950636,34.1350860019578,5.88728849112012,100.33561739616839,46618
human_b408cdd6,19,seed1976_cities_H4,seed1976,Afghani,cities,H4,180,15.0,0.0,40.0,cities,12.180114669277,22.3884771360649,22.2486365543281,21.6892742273808,21.9689553908544,100.4754579779052,33953
human_b408cdd6,20,seed1976_cities_H6,seed1976,Afghani,cities,H6,240,19.0,0.0,40.0,cities,22.9478394630122,21.549433645644,19.5916655013285,17.7737379387498,17.9135785204867,99.77625506922121,47768
human_b408cdd6,21,seed1976_techs_H1,seed1976,Afghani,techs,H1,90,24.0,0.0,60.0,techs,19.8713466648021,50.3565934834289,14.557404558803,9.66298419801427,5.18808558243603,99.6364144874843,64730
human_b408cdd6,22,seed1976_techs_H3,seed1976,Afghani,techs,H3,150,44.0,0.0,60.0,techs,4.90840441896239,49.517549993008,25.4649699342749,15.2566074674871,4.76856383722557,99.91609565095796,37061
human_b408cdd6,23,seed1976_techs_H4,seed1976,Afghani,techs,H4,180,46.0,0.0,60.0,techs,0.992868130331426,27.702419242064,39.1693469444833,27.702419242064,4.06936092854147,99.6364144874842,35704
human_b408cdd6,24,seed1976_techs_H6,seed1976,Afghani,techs,H6,240,60.0,0.0,60.0,techs,0.992868130331426,9.66298419801427,19.8713466648021,49.6573905747448,20.011187246539,100.1957768144316,40044
human_458490b6,1,seed1327_treasury_H1,seed1327,Italian Greek,treasury,H1,90,364.0,0.0,2000.0,gold,4.80769230769231,10.3365384615385,45.1923076923077,24.7596153846154,15.1442307692308,100.24038461538471,76591
human_458490b6,2,seed1327_treasury_H3,seed1327,Italian Greek,treasury,H3,150,485.0,0.0,2000.0,gold,5.28846153846154,9.61538461538461,19.7115384615385,40.1442307692308,25.2403846153846,100.00000000000006,40240
human_458490b6,3,seed1327_treasury_H4,seed1327,Italian Greek,treasury,H4,180,304.0,0.0,2000.0,gold,5.04807692307693,10.0961538461538,24.5192307692308,35.3365384615385,24.5192307692308,99.51923076923083,26080
human_458490b6,4,seed1327_treasury_H6,seed1327,Italian Greek,treasury,H6,240,161.0,0.0,2000.0,gold,4.80769230769231,4.80769230769231,19.9519230769231,44.9519230769231,25.0,99.51923076923083,26239
human_458490b6,5,seed1327_cities_H1,seed1327,Italian Greek,cities,H1,90,10.0,0.0,40.0,cities,15.1442307692308,24.7596153846154,40.1442307692308,10.3365384615385,9.85576923076923,100.24038461538473,47462
human_458490b6,6,seed1327_cities_H3,seed1327,Italian Greek,cities,H3,150,18.0,0.0,40.0,cities,10.0961538461538,20.1923076923077,35.0961538461538,25.4807692307692,8.65384615384616,99.51923076923066,24400
human_458490b6,7,seed1327_cities_H4,seed1327,Italian Greek,cities,H4,180,19.0,0.0,40.0,cities,4.80769230769231,10.0961538461538,19.7115384615385,44.7115384615385,20.1923076923077,99.51923076923082,21468
human_458490b6,8,seed1327_cities_H6,seed1327,Italian Greek,cities,H6,240,22.0,0.0,40.0,cities,5.28846153846154,10.0961538461538,19.9519230769231,39.6634615384615,25.4807692307692,100.48076923076914,20973
human_458490b6,9,seed1327_techs_H1,seed1327,Italian Greek,techs,H1,90,19.0,0.0,60.0,techs,25.2403846153846,40.1442307692308,24.5192307692308,5.28846153846154,5.04807692307693,100.24038461538467,42535
human_458490b6,10,seed1327_techs_H3,seed1327,Italian Greek,techs,H3,150,35.0,0.0,60.0,techs,4.56730769230769,30.0480769230769,30.2884615384615,20.4326923076923,14.1826923076923,99.51923076923069,34860
human_458490b6,11,seed1327_techs_H4,seed1327,Italian Greek,techs,H4,180,48.0,0.0,60.0,techs,4.56730769230769,19.9519230769231,30.2884615384615,29.5673076923077,15.3846153846154,99.75961538461539,23693
human_458490b6,12,seed1327_techs_H6,seed1327,Italian Greek,techs,H6,240,55.0,0.0,60.0,techs,4.56730769230769,4.56730769230769,20.1923076923077,40.1442307692308,31.0096153846154,100.48076923076928,20780
human_458490b6,13,seed1976_treasury_H1,seed1976,Afghani,treasury,H1,90,901.0,0.0,2000.0,gold,19.9519230769231,40.3846153846154,25.4807692307692,9.375,4.56730769230769,99.75961538461539,29449
human_458490b6,14,seed1976_treasury_H3,seed1976,Afghani,treasury,H3,150,461.0,0.0,2000.0,gold,14.6634615384615,35.3365384615385,29.8076923076923,15.1442307692308,4.56730769230769,99.51923076923079,43308
human_458490b6,15,seed1976_treasury_H4,seed1976,Afghani,treasury,H4,180,132.0,0.0,2000.0,gold,5.04807692307693,20.4326923076923,35.0961538461538,24.5192307692308,14.9038461538462,100.00000000000003,22899
human_458490b6,16,seed1976_treasury_H6,seed1976,Afghani,treasury,H6,240,414.0,0.0,2000.0,gold,5.04807692307693,10.3365384615385,24.7596153846154,40.1442307692308,19.9519230769231,100.24038461538474,26456
human_458490b6,17,seed1976_cities_H1,seed1976,Afghani,cities,H1,90,32.0,0.0,40.0,cities,4.56730769230769,19.9519230769231,50.2403846153846,20.4326923076923,5.04807692307693,100.24038461538461,30082
human_458490b6,18,seed1976_cities_H3,seed1976,Afghani,cities,H3,150,34.0,0.0,40.0,cities,5.04807692307693,4.56730769230769,39.9038461538462,39.9038461538462,10.3365384615385,99.75961538461553,33267
human_458490b6,19,seed1976_cities_H4,seed1976,Afghani,cities,H4,180,15.0,0.0,40.0,cities,4.80769230769231,4.56730769230769,25.0,39.9038461538462,25.2403846153846,99.5192307692308,20208
human_458490b6,20,seed1976_cities_H6,seed1976,Afghani,cities,H6,240,19.0,0.0,40.0,cities,4.80769230769231,5.28846153846154,15.1442307692308,50.2403846153846,24.7596153846154,100.24038461538466,17213
human_458490b6,21,seed1976_techs_H1,seed1976,Afghani,techs,H1,90,24.0,0.0,60.0,techs,5.04807692307693,59.375,25.7211538461538,4.80769230769231,4.80769230769231,99.75961538461534,39106
human_458490b6,22,seed1976_techs_H3,seed1976,Afghani,techs,H3,150,44.0,0.0,60.0,techs,4.56730769230769,40.1442307692308,35.0961538461538,15.1442307692308,5.28846153846154,100.24038461538463,27844
human_458490b6,23,seed1976_techs_H4,seed1976,Afghani,techs,H4,180,46.0,0.0,60.0,techs,4.56730769230769,19.9519230769231,40.1442307692308,19.9519230769231,15.1442307692308,99.7596153846155,17516
human_458490b6,24,seed1976_techs_H6,seed1976,Afghani,techs,H6,240,60.0,0.0,60.0,techs,4.80769230769231,9.85576923076923,24.7596153846154,35.0961538461538,25.2403846153846,99.75961538461533,28666
human_94e468f3,1,seed1976_treasury_H1,seed1976,Afghani,treasury,H1,90,901.0,0.0,2000.0,gold,4.48045757864634,19.7330791229743,30.4099142040038,40.1334604385129,5.43374642516683,100.19065776930417,101133
human_94e468f3,2,seed1976_treasury_H3,seed1976,Afghani,treasury,H3,150,461.0,0.0,2000.0,gold,5.81506196377503,5.43374642516683,40.1334604385129,45.0905624404194,3.90848427073404,100.38131553860819,54206
human_94e468f3,3,seed1976_treasury_H4,seed1976,Afghani,treasury,H4,180,132.0,0.0,2000.0,gold,4.86177311725453,5.43374642516683,5.24308865586273,38.6081982840801,46.0438512869399,100.1906577693041,36499
human_94e468f3,4,seed1976_treasury_H6,seed1976,Afghani,treasury,H6,240,414.0,0.0,2000.0,gold,0.476644423260253,1.04861773117254,2.76453765490944,45.0905624404194,50.2383222116301,99.61868446139172,26617
human_94e468f3,5,seed1976_cities_H1,seed1976,Afghani,cities,H1,90,32.0,0.0,40.0,cities,14.9666348903718,39.7521448999047,24.8808388941849,15.1572926596759,5.43374642516683,100.19065776930412,72967
human_94e468f3,6,seed1976_cities_H3,seed1976,Afghani,cities,H3,150,34.0,0.0,40.0,cities,10.3908484270734,22.5929456625357,39.9428026692088,22.0209723546234,5.24308865586273,100.19065776930404,51340
human_94e468f3,7,seed1976_cities_H4,seed1976,Afghani,cities,H4,180,15.0,0.0,40.0,cities,4.86177311725453,9.81887511916111,54.8141086749285,20.3050524308866,9.81887511916111,99.61868446139185,24397
human_94e468f3,8,seed1976_cities_H6,seed1976,Afghani,cities,H6,240,19.0,0.0,40.0,cities,2.19256434699714,2.76453765490944,20.3050524308866,34.9857006673022,39.7521448999047,100.00000000000007,32575
human_94e468f3,9,seed1976_techs_H1,seed1976,Afghani,techs,H1,90,24.0,0.0,60.0,techs,10.5815061963775,21.6396568160153,37.6549094375596,19.3517635843661,10.9628217349857,100.19065776930421,26902
human_94e468f3,10,seed1976_techs_H3,seed1976,Afghani,techs,H3,150,44.0,0.0,60.0,techs,4.67111534795043,10.2001906577693,19.3517635843661,37.4642516682555,28.5033365109628,100.19065776930412,25782
human_94e468f3,11,seed1976_techs_H4,seed1976,Afghani,techs,H4,180,46.0,0.0,60.0,techs,3.71782650142993,8.67492850333651,15.9199237368923,40.1334604385129,31.5538608198284,100.00000000000004,21486
human_94e468f3,12,seed1976_techs_H6,seed1976,Afghani,techs,H6,240,60.0,0.0,60.0,techs,3.52716873212583,3.71782650142993,3.52716873212583,4.67111534795043,84.3660629170639,99.80934223069592,31656
human_94e468f3,13,seed1327_treasury_H1,seed1327,Italian Greek,treasury,H1,90,364.0,0.0,2000.0,gold,68.5414680648236,18.5891325071497,4.67111534795043,4.28979980934223,3.71782650142993,99.80934223069589,32776
human_94e468f3,14,seed1327_treasury_H3,seed1327,Italian Greek,treasury,H3,150,485.0,0.0,2000.0,gold,3.14585319351763,79.9809342230696,6.95900857959962,6.00571973307912,3.71782650142993,99.80934223069589,29857
human_94e468f3,15,seed1327_treasury_H4,seed1327,Italian Greek,treasury,H4,180,304.0,0.0,2000.0,gold,2.38322211630124,74.6425166825548,19.9237368922784,1.42993326978075,1.42993326978075,99.80934223069593,40343
human_94e468f3,16,seed1327_treasury_H6,seed1327,Italian Greek,treasury,H6,240,161.0,0.0,2000.0,gold,2.19256434699714,30.4099142040038,63.7750238322212,2.19256434699714,1.81124880838894,100.38131553860822,41804
human_94e468f3,17,seed1327_cities_H1,seed1327,Italian Greek,cities,H1,90,10.0,0.0,40.0,cities,1.81124880838894,77.6930409914204,14.7759771210677,3.52716873212583,2.57387988560533,100.3813155386082,37801
human_94e468f3,18,seed1327_cities_H3,seed1327,Italian Greek,cities,H3,150,18.0,0.0,40.0,cities,9.81887511916111,35.3670162059104,44.7092469018112,4.67111534795043,5.05243088655862,99.61868446139177,37394
human_94e468f3,19,seed1327_cities_H4,seed1327,Italian Greek,cities,H4,180,19.0,0.0,40.0,cities,5.81506196377503,5.24308865586273,4.86177311725453,59.580552907531,24.3088655862726,99.80934223069589,26322
human_94e468f3,20,seed1327_cities_H6,seed1327,Italian Greek,cities,H6,240,22.0,0.0,40.0,cities,1.23927550047664,1.04861773117254,10.0095328884652,34.9857006673022,52.5262154432793,99.80934223069588,33608
human_94e468f3,21,seed1327_techs_H1,seed1327,Italian Greek,techs,H1,90,19.0,0.0,60.0,techs,10.3908484270734,39.9428026692088,38.7988560533842,5.43374642516683,5.24308865586273,99.80934223069596,24553
human_94e468f3,22,seed1327_techs_H3,seed1327,Italian Greek,techs,H3,150,35.0,0.0,60.0,techs,2.00190657769304,30.0285986653956,60.1525262154433,5.24308865586273,2.57387988560533,100.0,34266
human_94e468f3,23,seed1327_techs_H4,seed1327,Italian Greek,techs,H4,180,48.0,0.0,60.0,techs,3.52716873212583,3.52716873212583,85.1286939942803,6.76835081029552,1.23927550047664,100.19065776930412,18022
human_94e468f3,24,seed1327_techs_H6,seed1327,Italian Greek,techs,H6,240,55.0,0.0,60.0,techs,2.57387988560533,3.14585319351763,2.38322211630124,74.6425166825548,17.0638703527169,99.8093422306959,22314
human_6445b883,1,seed1327_treasury_H1,seed1327,Italian Greek,treasury,H1,90,364.0,0.0,2000.0,gold,5.17683239364429,15.1717068170169,34.9051768323936,34.9051768323936,10.0461301896463,100.2050230650947,64346
human_6445b883,2,seed1327_treasury_H3,seed1327,Italian Greek,treasury,H3,150,485.0,0.0,2000.0,gold,4.66427473090724,10.0461301896463,25.1665812403896,40.2870322911328,19.7847257816504,99.94874423372634,22729
human_6445b883,3,seed1327_treasury_H4,seed1327,Italian Greek,treasury,H4,180,304.0,0.0,2000.0,gold,0.0512557662737168,10.3024090210149,19.5284469502819,30.2921578677601,40.2870322911328,100.46130189646343,20315
human_6445b883,4,seed1327_treasury_H6,seed1327,Italian Greek,treasury,H6,240,161.0,0.0,2000.0,gold,0.0512557662737168,10.3024090210149,15.4279856483855,29.5233213736545,45.1563300871348,100.46130189646341,18009
human_6445b883,5,seed1327_cities_H1,seed1327,Italian Greek,cities,H1,90,10.0,0.0,40.0,cities,10.0461301896463,15.4279856483855,40.0307534597642,34.9051768323936,0.0512557662737168,100.46130189646331,34442
human_6445b883,6,seed1327_cities_H3,seed1327,Italian Greek,cities,H3,150,18.0,0.0,40.0,cities,0.0512557662737168,0.0512557662737168,10.0461301896463,40.2870322911328,49.7693490517683,100.20502306509484,18803
human_6445b883,7,seed1327_cities_H4,seed1327,Italian Greek,cities,H4,180,19.0,0.0,40.0,cities,0.307534597642245,9.78985135827781,19.5284469502819,30.2921578677601,40.0307534597642,99.94874423372626,33659
human_6445b883,8,seed1327_cities_H6,seed1327,Italian Greek,cities,H6,240,22.0,0.0,40.0,cities,4.15171706817018,10.3024090210149,15.4279856483855,30.2921578677601,40.0307534597642,100.20502306509488,21414
human_6445b883,9,seed1327_techs_H1,seed1327,Italian Greek,techs,H1,90,19.0,0.0,60.0,techs,39.7744746283957,25.1665812403896,15.1717068170169,15.4279856483855,4.66427473090724,100.20502306509495,30451
human_6445b883,10,seed1327_techs_H3,seed1327,Italian Greek,techs,H3,150,35.0,0.0,60.0,techs,19.5284469502819,34.6488980010251,24.6540235776525,14.6591491542799,6.45822655048694,99.94874423372634,14857
human_6445b883,11,seed1327_techs_H4,seed1327,Italian Greek,techs,H4,180,48.0,0.0,60.0,techs,9.53357252690928,24.6540235776525,36.4428498206048,14.6591491542799,14.6591491542799,99.94874423372637,30712
human_6445b883,12,seed1327_techs_H6,seed1327,Italian Greek,techs,H6,240,55.0,0.0,60.0,techs,5.17683239364429,9.78985135827781,24.6540235776525,45.4126089185033,15.4279856483855,100.4613018964634,23896
human_6445b883,13,seed1976_treasury_H1,seed1976,Afghani,treasury,H1,90,901.0,0.0,2000.0,gold,29.5233213736545,50.2819067145054,18.5033316248078,0.820092260379301,0.820092260379301,99.9487442337263,31022
human_6445b883,14,seed1976_treasury_H3,seed1976,Afghani,treasury,H3,150,461.0,0.0,2000.0,gold,10.0461301896463,20.2972834443875,34.9051768323936,34.9051768323936,0.0512557662737168,100.20502306509472,12039
human_6445b883,15,seed1976_treasury_H4,seed1976,Afghani,treasury,H4,180,132.0,0.0,2000.0,gold,0.563813429010773,5.17683239364429,24.910302409021,50.2819067145054,19.5284469502819,100.46130189646337,14500
human_6445b883,16,seed1976_treasury_H6,seed1976,Afghani,treasury,H6,240,414.0,0.0,2000.0,gold,0.0512557662737168,5.17683239364429,20.041004613019,50.2819067145054,24.6540235776525,100.2050230650949,14190
human_6445b883,17,seed1976_cities_H1,seed1976,Afghani,cities,H1,90,32.0,0.0,40.0,cities,0.0512557662737168,20.041004613019,55.6637621732445,15.1717068170169,9.53357252690928,100.4613018964634,21919
human_6445b883,18,seed1976_cities_H3,seed1976,Afghani,cities,H3,150,34.0,0.0,40.0,cities,1.07637109174783,0.0512557662737168,20.553562275756,57.4577139928242,20.553562275756,99.69246540235775,19185
human_6445b883,19,seed1976_cities_H4,seed1976,Afghani,cities,H4,180,15.0,0.0,40.0,cities,0.563813429010773,1.07637109174783,34.6488980010251,55.407483341876,8.50845720143517,100.20502306509488,16266
human_6445b883,20,seed1976_cities_H6,seed1976,Afghani,cities,H6,240,19.0,0.0,40.0,cities,0.563813429010773,0.0512557662737168,20.041004613019,30.0358790363916,49.2567913890313,99.94874423372639,19689
human_6445b883,21,seed1976_techs_H1,seed1976,Afghani,techs,H1,90,24.0,0.0,60.0,techs,0.0512557662737168,50.2819067145054,49.5130702203998,0.0512557662737168,0.307534597642245,100.20502306509488,26833
human_6445b883,22,seed1976_techs_H3,seed1976,Afghani,techs,H3,150,44.0,0.0,60.0,techs,0.0512557662737168,39.7744746283957,45.4126089185033,14.4028703229113,0.563813429010773,100.20502306509479,17705
human_6445b883,23,seed1976_techs_H4,seed1976,Afghani,techs,H4,180,46.0,0.0,60.0,techs,0.307534597642245,0.0512557662737168,39.7744746283957,50.2819067145054,10.0461301896463,100.46130189646337,22799
human_6445b883,24,seed1976_techs_H6,seed1976,Afghani,techs,H6,240,60.0,0.0,60.0,techs,0.0512557662737168,0.0512557662737168,25.4228600717581,60.276781137878,14.4028703229113,100.20502306509484,17645
human_2693dcf9,1,seed1976_treasury_H1,seed1976,Afghani,treasury,H1,90,901.0,0.0,2000.0,gold,20.434318262727,20.0783196867213,20.0783196867213,20.2563189747241,18.8323246707013,99.679601281595,99743
human_2693dcf9,2,seed1976_treasury_H3,seed1976,Afghani,treasury,H3,150,461.0,0.0,2000.0,gold,18.6543253826985,20.0783196867213,20.434318262727,20.2563189747241,20.9683161267355,100.39159843360639,145531
human_2693dcf9,3,seed1976_treasury_H4,seed1976,Afghani,treasury,H4,180,132.0,0.0,2000.0,gold,35.0302598789605,9.75436098255608,10.4663581345675,9.75436098255608,34.6742613029548,99.67960128159496,74797
human_2693dcf9,4,seed1976_treasury_H6,seed1976,Afghani,treasury,H6,240,414.0,0.0,2000.0,gold,25.2402990388038,25.2402990388038,25.4182983268067,10.2883588465646,13.8483446066216,100.0355998576005,58603
human_2693dcf9,5,seed1976_cities_H1,seed1976,Afghani,cities,H1,90,32.0,0.0,40.0,cities,20.2563189747241,19.9003203987184,19.7223211107156,20.0783196867213,20.2563189747241,100.2135991456035,39143
human_2693dcf9,6,seed1976_cities_H3,seed1976,Afghani,cities,H3,150,34.0,0.0,40.0,cities,20.434318262727,20.0783196867213,19.5443218227127,20.2563189747241,19.5443218227127,99.85760056959779,29467
human_2693dcf9,7,seed1976_cities_H4,seed1976,Afghani,cities,H4,180,15.0,0.0,40.0,cities,19.7223211107156,20.434318262727,19.9003203987184,19.9003203987184,19.9003203987184,99.85760056959779,23180
human_2693dcf9,8,seed1976_cities_H6,seed1976,Afghani,cities,H6,240,19.0,0.0,40.0,cities,20.2563189747241,20.0783196867213,19.7223211107156,20.434318262727,19.3663225347099,99.8576005695979,31114
human_2693dcf9,9,seed1976_techs_H1,seed1976,Afghani,techs,H1,90,24.0,0.0,60.0,techs,20.2563189747241,24.3503025987896,21.1463154147383,13.314346742613,20.434318262727,99.501601993592,70787
human_2693dcf9,10,seed1976_techs_H3,seed1976,Afghani,techs,H3,150,44.0,0.0,60.0,techs,19.9003203987184,19.5443218227127,20.434318262727,20.2563189747241,20.2563189747241,100.3915984336063,47197
human_2693dcf9,11,seed1976_techs_H4,seed1976,Afghani,techs,H4,180,46.0,0.0,60.0,techs,19.3663225347099,20.0783196867213,20.434318262727,20.2563189747241,19.9003203987184,100.0355998576007,53839
human_2693dcf9,12,seed1976_techs_H6,seed1976,Afghani,techs,H6,240,60.0,0.0,60.0,techs,24.8843004627982,15.0943396226415,14.560341758633,20.434318262727,24.5283018867925,99.5016019935922,63516
human_2693dcf9,13,seed1327_treasury_H1,seed1327,Italian Greek,treasury,H1,90,364.0,0.0,2000.0,gold,14.2043431826273,14.2043431826273,23.1043075827697,23.8163047347811,24.8843004627982,100.2135991456036,55011
human_2693dcf9,14,seed1327_treasury_H3,seed1327,Italian Greek,treasury,H3,150,485.0,0.0,2000.0,gold,19.7223211107156,19.9003203987184,20.0783196867213,19.7223211107156,20.7903168387327,100.21359914560361,27876
human_2693dcf9,15,seed1327_treasury_H4,seed1327,Italian Greek,treasury,H4,180,304.0,0.0,2000.0,gold,10.1103595585618,21.6803132787469,22.748309006764,25.062299750801,20.7903168387327,100.3915984336064,57161
human_2693dcf9,16,seed1327_treasury_H6,seed1327,Italian Greek,treasury,H6,240,161.0,0.0,2000.0,gold,20.434318262727,20.6123175507298,21.8583125667497,17.2303310786757,19.5443218227127,99.6796012815949,51651
human_2693dcf9,17,seed1327_cities_H1,seed1327,Italian Greek,cities,H1,90,10.0,0.0,40.0,cities,20.0783196867213,20.434318262727,19.7223211107156,19.7223211107156,19.5443218227127,99.5016019935922,22967
human_2693dcf9,18,seed1327_cities_H3,seed1327,Italian Greek,cities,H3,150,18.0,0.0,40.0,cities,20.2563189747241,20.0783196867213,19.7223211107156,20.0783196867213,19.5443218227127,99.679601281595,26729
human_2693dcf9,19,seed1327_cities_H4,seed1327,Italian Greek,cities,H4,180,19.0,0.0,40.0,cities,19.7223211107156,19.9003203987184,19.5443218227127,20.434318262727,20.0783196867213,99.679601281595,29034
human_2693dcf9,20,seed1327_cities_H6,seed1327,Italian Greek,cities,H6,240,22.0,0.0,40.0,cities,19.7223211107156,20.434318262727,20.0783196867213,20.434318262727,19.7223211107156,100.3915984336065,18232
human_2693dcf9,21,seed1327_techs_H1,seed1327,Italian Greek,techs,H1,90,19.0,0.0,60.0,techs,20.0783196867213,19.7223211107156,20.2563189747241,19.7223211107156,19.9003203987184,99.679601281595,17591
human_2693dcf9,22,seed1327_techs_H3,seed1327,Italian Greek,techs,H3,150,35.0,0.0,60.0,techs,20.434318262727,19.7223211107156,19.7223211107156,20.2563189747241,19.7223211107156,99.8576005695979,27859
human_2693dcf9,23,seed1327_techs_H4,seed1327,Italian Greek,techs,H4,180,48.0,0.0,60.0,techs,20.2563189747241,19.7223211107156,19.7223211107156,20.2563189747241,19.9003203987184,99.85760056959779,21713
human_2693dcf9,24,seed1327_techs_H6,seed1327,Italian Greek,techs,H6,240,55.0,0.0,60.0,techs,20.2563189747241,19.7223211107156,20.0783196867213,19.7223211107156,19.7223211107156,99.5016019935922,19901
human_40053498,1,seed1327_treasury_H1,seed1327,Italian Greek,treasury,H1,90,364.0,0.0,2000.0,gold,23.0483271375465,23.6059479553903,16.1710037174721,23.2342007434944,13.7546468401487,99.814126394052,48373
human_40053498,2,seed1327_treasury_H3,seed1327,Italian Greek,treasury,H3,150,485.0,0.0,2000.0,gold,28.2527881040892,34.7583643122677,20.6319702602231,12.2676579925651,4.27509293680297,100.18587360594807,47562
human_40053498,3,seed1327_treasury_H4,seed1327,Italian Greek,treasury,H4,180,304.0,0.0,2000.0,gold,10.9665427509294,17.1003717472119,31.5985130111524,22.1189591078067,18.2156133828996,100.0,24365
human_40053498,4,seed1327_treasury_H6,seed1327,Italian Greek,treasury,H6,240,161.0,0.0,2000.0,gold,16.1710037174721,28.8104089219331,29.3680297397769,21.3754646840149,4.46096654275093,100.18587360594793,26505
human_40053498,5,seed1327_cities_H1,seed1327,Italian Greek,cities,H1,90,10.0,0.0,40.0,cities,6.69144981412639,22.6765799256506,41.0780669144981,22.4907063197026,6.69144981412639,99.62825278810408,18988
human_40053498,6,seed1327_cities_H3,seed1327,Italian Greek,cities,H3,150,18.0,0.0,40.0,cities,8.17843866171004,20.2602230483271,33.271375464684,33.457249070632,4.64684014869888,99.81412639405202,16085
human_40053498,7,seed1327_cities_H4,seed1327,Italian Greek,cities,H4,180,19.0,0.0,40.0,cities,21.3754646840149,25.8364312267658,28.2527881040892,17.6579925650558,6.69144981412639,99.8141263940521,19709
human_40053498,8,seed1327_cities_H6,seed1327,Italian Greek,cities,H6,240,22.0,0.0,40.0,cities,29.9256505576208,30.4832713754647,30.6691449814126,7.24907063197026,1.85873605947955,100.1858736059479,40588
human_40053498,9,seed1327_techs_H1,seed1327,Italian Greek,techs,H1,90,19.0,0.0,60.0,techs,13.0111524163569,32.3420074349442,32.1561338289963,13.3828996282528,8.7360594795539,99.6282527881041,21914
human_40053498,10,seed1327_techs_H3,seed1327,Italian Greek,techs,H3,150,35.0,0.0,60.0,techs,26.2081784386617,29.7397769516729,34.2007434944238,4.83271375464684,5.20446096654275,100.18587360594799,30437
human_40053498,11,seed1327_techs_H4,seed1327,Italian Greek,techs,H4,180,48.0,0.0,60.0,techs,8.7360594795539,19.5167286245353,27.8810408921933,37.9182156133829,5.57620817843866,99.62825278810406,26350
human_40053498,12,seed1327_techs_H6,seed1327,Italian Greek,techs,H6,240,55.0,0.0,60.0,techs,11.8959107806691,16.1710037174721,22.4907063197026,26.9516728624535,22.1189591078067,99.62825278810399,34026
human_40053498,13,seed1976_treasury_H1,seed1976,Afghani,treasury,H1,90,901.0,0.0,2000.0,gold,25.2788104089219,31.5985130111524,25.092936802974,11.7100371747212,6.13382899628253,99.81412639405202,27249
human_40053498,14,seed1976_treasury_H3,seed1976,Afghani,treasury,H3,150,461.0,0.0,2000.0,gold,19.5167286245353,28.0669144981413,27.1375464684015,13.9405204460966,10.9665427509294,99.6282527881041,15961
human_40053498,15,seed1976_treasury_H4,seed1976,Afghani,treasury,H4,180,132.0,0.0,2000.0,gold,19.8884758364312,35.3159851301115,24.907063197026,9.66542750929368,9.85130111524164,99.62825278810402,21349
human_40053498,16,seed1976_treasury_H6,seed1976,Afghani,treasury,H6,240,414.0,0.0,2000.0,gold,24.5353159851301,42.0074349442379,24.3494423791822,7.80669144981413,1.11524163568774,99.81412639405207,16195
human_40053498,17,seed1976_cities_H1,seed1976,Afghani,cities,H1,90,32.0,0.0,40.0,cities,5.20446096654275,17.8438661710037,42.3791821561338,23.0483271375465,11.5241635687732,99.99999999999996,58445
human_40053498,18,seed1976_cities_H3,seed1976,Afghani,cities,H3,150,34.0,0.0,40.0,cities,6.13382899628253,27.6951672862453,39.5910780669145,22.3048327137547,4.64684014869888,100.37174721189591,30690
human_40053498,19,seed1976_cities_H4,seed1976,Afghani,cities,H4,180,15.0,0.0,40.0,cities,6.69144981412639,17.6579925650558,49.8141263940521,16.9144981412639,9.10780669144982,100.18587360594802,14509
human_40053498,20,seed1976_cities_H6,seed1976,Afghani,cities,H6,240,19.0,0.0,40.0,cities,8.7360594795539,14.6840148698885,34.5724907063197,31.2267657992565,10.4089219330855,99.6282527881041,23952
human_40053498,21,seed1976_techs_H1,seed1976,Afghani,techs,H1,90,24.0,0.0,60.0,techs,10.0371747211896,49.2565055762082,25.4646840148699,11.3382899628253,3.53159851301115,99.62825278810415,25418
human_40053498,22,seed1976_techs_H3,seed1976,Afghani,techs,H3,150,44.0,0.0,60.0,techs,6.31970260223048,40.5204460966543,30.4832713754647,14.3122676579926,8.36431226765799,100.00000000000007,13488
human_40053498,23,seed1976_techs_H4,seed1976,Afghani,techs,H4,180,46.0,0.0,60.0,techs,6.13382899628253,14.3122676579926,29.182156133829,45.3531598513011,5.0185873605948,100.00000000000003,16251
human_40053498,24,seed1976_techs_H6,seed1976,Afghani,techs,H6,240,60.0,0.0,60.0,techs,3.53159851301115,14.3122676579926,23.7918215613383,34.3866171003718,23.9776951672862,100.00000000000004,16367
